Date;PX_LAST
02.06.2010;25.59
03.06.2010;25.83
04.06.2010;24.7
07.06.2010;24.795
08.06.2010;24.69
09.06.2010;25.33
10.06.2010;25.8735
11.06.2010;25.56
14.06.2010;25.64
15.06.2010;26.16
16.06.2010;26.64
17.06.2010;26.715
18.06.2010;26.65
21.06.2010;26.64
22.06.2010;26.45
23.06.2010;25.82
24.06.2010;25.895
25.06.2010;26.575
28.06.2010;26.305
29.06.2010;25.425
30.06.2010;25.49
01.07.2010;24.54
02.07.2010;24.38
06.07.2010;24.33
07.07.2010;24.975
08.07.2010;25.44
09.07.2010;25.43
12.07.2010;25.315
13.07.2010;25.945
14.07.2010;25.91
15.07.2010;25.65
16.07.2010;25.31
19.07.2010;25.615
20.07.2010;25.77
21.07.2010;25.575
22.07.2010;26.305
23.07.2010;26.28
26.07.2010;26.21
27.07.2010;25.775
28.07.2010;25.65
29.07.2010;26.245
30.07.2010;26.46
02.08.2010;27.33
04.08.2010;27.795
05.08.2010;27.66
06.08.2010;27.26
09.08.2010;27.385
10.08.2010;26.975
11.08.2010;26.27
12.08.2010;25.58
13.08.2010;25.55
16.08.2010;25.4
17.08.2010;25.945
18.08.2010;25.84
19.08.2010;25.405
20.08.2010;25.06
23.08.2010;24.79
24.08.2010;24.34
25.08.2010;24.765
26.08.2010;25.35
27.08.2010;25.785
30.08.2010;25.87
31.08.2010;25.1
01.09.2010;25.75
02.09.2010;25.67
03.09.2010;25.595
07.09.2010;26
09.09.2010;26.08
13.09.2010;26.555
14.09.2010;26.57
15.09.2010;26.67
16.09.2010;26.335
20.09.2010;26.6653
21.09.2010;26.49
29.09.2010;27.1125
01.10.2010;27.85
06.10.2010;28.5349
07.10.2010;27.965
08.10.2010;28.12
14.10.2010;28.165
19.10.2010;27.1001
21.10.2010;27.35
25.10.2010;27.9
27.10.2010;27.515
28.10.2010;27.94
29.10.2010;27.775
01.11.2010;28.465
04.11.2010;29.4594
05.11.2010;29.42
09.11.2010;29.345
10.11.2010;29.79
11.11.2010;29.78
12.11.2010;28.755
15.11.2010;29.13
17.11.2010;27.765
22.11.2010;27.94
23.11.2010;27.88
24.11.2010;28.295
26.11.2010;28.52
29.11.2010;28.75
30.11.2010;28.75
01.12.2010;29.5455
02.12.2010;30.1701
03.12.2010;30.48
06.12.2010;30.48
07.12.2010;30.345
08.12.2010;30.115
09.12.2010;30.3947
10.12.2010;30.205
13.12.2010;30.45
14.12.2010;30.46
15.12.2010;30.565
16.12.2010;30.6
17.12.2010;30.49
20.12.2010;30.375
21.12.2010;31.055
22.12.2010;31.155
23.12.2010;31.41
27.12.2010;31.075
28.12.2010;31.405
29.12.2010;31.355
30.12.2010;30.855
31.12.2010;31.225
03.01.2011;31.645
04.01.2011;30.93
05.01.2011;31.8
06.01.2011;31.34
07.01.2011;31.135
10.01.2011;31.6124
11.01.2011;32.33
12.01.2011;32.45
13.01.2011;32.275
14.01.2011;32.795
18.01.2011;32.475
19.01.2011;32.735
20.01.2011;32.17
21.01.2011;32.5149
24.01.2011;32.155
25.01.2011;31.74
26.01.2011;32.6155
27.01.2011;32.44
28.01.2011;33.105
31.01.2011;33.505
01.02.2011;33.8025
02.02.2011;34.16
03.02.2011;33.91
04.02.2011;33.32
07.02.2011;33.19
08.02.2011;33.475
09.02.2011;34.05
10.02.2011;33.7699
11.02.2011;33.5955
14.02.2011;34.2795
15.02.2011;33.81
16.02.2011;34.5799
17.02.2011;34.305
18.02.2011;34.235
22.02.2011;35.3149
23.02.2011;37.175
24.02.2011;36.615
25.02.2011;37.2899
28.02.2011;37.1594
01.03.2011;38.62
02.03.2011;38.68
03.03.2011;38.163
04.03.2011;38.53
07.03.2011;38.08
08.03.2011;37.505
09.03.2011;38.48
10.03.2011;38.17
11.03.2011;37.6151
14.03.2011;37.735
15.03.2011;36.1899
16.03.2011;36.855
17.03.2011;38.175
18.03.2011;37.95
21.03.2011;38.091
22.03.2011;38.495
23.03.2011;38.2826
24.03.2011;38.4
25.03.2011;38.4701
28.03.2011;38.045
29.03.2011;38.2401
30.03.2011;38.1965
31.03.2011;38.91
01.04.2011;39.4324
04.04.2011;40.105
05.04.2011;40.376
06.04.2011;40.4704
07.04.2011;40.63
08.04.2011;42.055
11.04.2011;40.9301
12.04.2011;40.0199
13.04.2011;40.6749
14.04.2011;40.6528
15.04.2011;41.04
18.04.2011;40.49
19.04.2011;40.275
20.04.2011;41.18
21.04.2011;41.215
25.04.2011;41.115
26.04.2011;41.19
27.04.2011;41.765
28.04.2011;41.534
29.04.2011;41.8555
02.05.2011;41.481
03.05.2011;40.65
04.05.2011;40.1351
05.05.2011;36.33
06.05.2011;36.45
09.05.2011;38.55
10.05.2011;38.9675
11.05.2011;37.5695
12.05.2011;37.4498
13.05.2011;37.782
16.05.2011;36.74
17.05.2011;36.71
18.05.2011;37.315
19.05.2011;37.115
20.05.2011;37.505
23.05.2011;36.6999
24.05.2011;37.396
25.05.2011;38.225
26.05.2011;38.28
27.05.2011;38.26
31.05.2011;38.775
01.06.2011;38.0816
02.06.2011;38.475
03.06.2011;38.61
06.06.2011;37.93
07.06.2011;38.805
08.06.2011;39.23
09.06.2011;39.79
10.06.2011;39.405
13.06.2011;39.465
14.06.2011;39.79
15.06.2011;37.9294
16.06.2011;38.0401
17.06.2011;37.7823
20.06.2011;37.24
21.06.2011;36.825
22.06.2011;37.905
23.06.2011;36.015
24.06.2011;35.215
27.06.2011;35.535
28.06.2011;36.258
29.06.2011;37.475
30.06.2011;37.38
01.07.2011;37.215
05.07.2011;37.825
06.07.2011;37.855
07.07.2011;39.345
08.07.2011;39.335
11.07.2011;38.86
12.07.2011;38.89
13.07.2011;39.34
14.07.2011;38.87
15.07.2011;39.31
18.07.2011;38.855
19.07.2011;39.185
20.07.2011;39.5
21.07.2011;39.4215
22.07.2011;39.655
25.07.2011;39.32
26.07.2011;39.5646
27.07.2011;39.285
28.07.2011;39.18
29.07.2011;38.975
01.08.2011;39.075
02.08.2011;38.76
03.08.2011;37.805
04.08.2011;35.925
05.08.2011;36.53
08.08.2011;34.615
09.08.2011;34.93
10.08.2011;35.315
11.08.2011;36.07
12.08.2011;36.015
15.08.2011;36.71
16.08.2011;36.59
17.08.2011;37.005
18.08.2011;35.625
19.08.2011;36.395
22.08.2011;36.155
23.08.2011;36.83
24.08.2011;36.775
25.08.2011;36.94
26.08.2011;37.1275
29.08.2011;37.51
30.08.2011;38.1
31.08.2011;38.275
01.09.2011;38.155
02.09.2011;37.61
06.09.2011;37.865
07.09.2011;38.72
08.09.2011;38.05
09.09.2011;37.34
12.09.2011;37.28
13.09.2011;36.945
14.09.2011;36.885
15.09.2011;37.8
16.09.2011;37.785
19.09.2011;36.815
20.09.2011;37.155
21.09.2011;36.87
22.09.2011;35.475
23.09.2011;35.055
26.09.2011;35.3
27.09.2011;36.005
28.09.2011;34.835
29.09.2011;35.145
30.09.2011;33.82
03.10.2011;33.7
04.10.2011;34.03
05.10.2011;34.665
06.10.2011;35.73
07.10.2011;35.675
10.10.2011;36.7224
11.10.2011;36.9
12.10.2011;37.2
13.10.2011;37.425
14.10.2011;38.66
17.10.2011;37.71
18.10.2011;38.155
19.10.2011;37.26
20.10.2011;37.655
21.10.2011;37.7247
24.10.2011;38.1555
25.10.2011;38.04
26.10.2011;37.46
27.10.2011;38.4
28.10.2011;37.765
31.10.2011;37.5
01.11.2011;37.21
02.11.2011;37.485
03.11.2011;37.945
04.11.2011;38.48
07.11.2011;39.397
08.11.2011;39.55
09.11.2011;38.495
10.11.2011;38.835
11.11.2011;39.1463
14.11.2011;38.475
15.11.2011;38.985
16.11.2011;38.4155
17.11.2011;37.445
18.11.2011;37.3
21.11.2011;37.14
22.11.2011;37.85
23.11.2011;37.185
25.11.2011;36.69
28.11.2011;37.66
29.11.2011;38.375
30.11.2011;38.225
01.12.2011;37.755
02.12.2011;38.175
05.12.2011;38
06.12.2011;38.2675
07.12.2011;37.96
08.12.2011;37.205
09.12.2011;37.72
12.12.2011;37.24
13.12.2011;37.78
14.12.2011;36.12
15.12.2011;35.84
16.12.2011;36.025
19.12.2011;35.905
20.12.2011;37.1306
21.12.2011;37.43
22.12.2011;37.35
23.12.2011;37.35
27.12.2011;37.86
28.12.2011;37.26
29.12.2011;37.465
30.12.2011;37.32
03.01.2012;38.955
04.01.2012;39.48
05.01.2012;39.125
06.01.2012;39.425
09.01.2012;39.045
10.01.2012;39.34
11.01.2012;39.13
12.01.2012;38.455
13.01.2012;38.63
17.01.2012;38.785
18.01.2012;38.61
19.01.2012;38.84
20.01.2012;38.34
23.01.2012;38.575
24.01.2012;38.365
25.01.2012;38.44
26.01.2012;38.635
27.01.2012;38.82
30.01.2012;38.6
31.01.2012;38.645
01.02.2012;38.893
02.02.2012;39.1
03.02.2012;39.85
06.02.2012;40.4995
07.02.2012;40.45
08.02.2012;40.845
09.02.2012;41.27
10.02.2012;40.8513
13.02.2012;40.885
14.02.2012;41.04
15.02.2012;41.565
16.02.2012;41.905
17.02.2012;41.72
21.02.2012;42.2825
22.02.2012;42.87
23.02.2012;43.2
24.02.2012;43.74
27.02.2012;43.055
28.02.2012;42.475
29.02.2012;42.915
01.03.2012;44.2891
02.03.2012;43.235
05.03.2012;43.3385
06.03.2012;42.68
07.03.2012;43.415
08.03.2012;43.85
09.03.2012;44.045
12.03.2012;43.81
13.03.2012;44.11
14.03.2012;43.745
15.03.2012;43.04
16.03.2012;44.28
19.03.2012;44.075
20.03.2012;43.62
21.03.2012;43.52
22.03.2012;43.21
23.03.2012;43.93
26.03.2012;44.125
27.03.2012;43.975
28.03.2012;43.6549
29.03.2012;43.035
30.03.2012;43.15
02.04.2012;44.08
03.04.2012;43.885
04.04.2012;43.095
05.04.2012;43.36
09.04.2012;43.05
10.04.2012;42.1455
11.04.2012;42.18
12.04.2012;42.88
13.04.2012;42.82
16.04.2012;41.745
17.04.2012;41.85
18.04.2012;41.635
19.04.2012;41.64
20.04.2012;41.9
23.04.2012;41.845
24.04.2012;41.64
25.04.2012;41.945
26.04.2012;42.265
27.04.2012;42.11
30.04.2012;42.1
01.05.2012;42.155
02.05.2012;41.655
03.05.2012;40.935
04.05.2012;39.905
07.05.2012;39.905
08.05.2012;39.805
09.05.2012;39.693
10.05.2012;39.605
11.05.2012;39.475
14.05.2012;39.025
15.05.2012;39.23
16.05.2012;38.555
17.05.2012;37.845
18.05.2012;37.72
21.05.2012;38.6304
22.05.2012;38.17
23.05.2012;37.515
24.05.2012;37.72
25.05.2012;37.774
29.05.2012;37.685
30.05.2012;36.43
31.05.2012;35.97
01.06.2012;34.83
04.06.2012;34.98
05.06.2012;34.885
06.06.2012;35.585
07.06.2012;35.085
08.06.2012;35.345
11.06.2012;34.165
12.06.2012;34.445
13.06.2012;34.185
14.06.2012;34.675
15.06.2012;34.555
18.06.2012;34
19.06.2012;33.995
20.06.2012;32.83
21.06.2012;31.725
22.06.2012;32.47
25.06.2012;32.395
26.06.2012;32.995
27.06.2012;33.2
28.06.2012;32.585
29.06.2012;34.595
02.07.2012;34.495
03.07.2012;35.74
05.07.2012;35.5803
06.07.2012;34.675
09.07.2012;35.29
10.07.2012;34.685
11.07.2012;35.62
12.07.2012;35.56
13.07.2012;36.145
16.07.2012;36.755
17.07.2012;36.845
18.07.2012;37.42
19.07.2012;38.285
20.07.2012;37.865
23.07.2012;36.795
24.07.2012;36.87
25.07.2012;37.075
26.07.2012;37.46
27.07.2012;37.8001
30.07.2012;37.63
31.07.2012;37.015
01.08.2012;37.495
02.08.2012;37.64
03.08.2012;38.665
06.08.2012;38.975
07.08.2012;39.695
08.08.2012;39.735
09.08.2012;40.28
10.08.2012;40.18
13.08.2012;40.205
14.08.2012;40.42
15.08.2012;41.2
16.08.2012;41.205
17.08.2012;40.9804
20.08.2012;40.91
21.08.2012;41.215
22.08.2012;41.405
23.08.2012;41.3
24.08.2012;40.775
27.08.2012;40.425
28.08.2012;40.5475
29.08.2012;40.555
30.08.2012;40.61
31.08.2012;41.27
04.09.2012;41.085
05.09.2012;40.765
06.09.2012;40.6008
07.09.2012;41.19
10.09.2012;41.27
11.09.2012;41.43
12.09.2012;41.585
13.09.2012;41.82
14.09.2012;42.2049
17.09.2012;40.92
18.09.2012;40.47
19.09.2012;39.005
20.09.2012;39.91
21.09.2012;40.29
24.09.2012;39.64
25.09.2012;39.765
26.09.2012;39.65
27.09.2012;40.56
28.09.2012;40.505
01.10.2012;40.49
02.10.2012;40.215
03.10.2012;39
04.10.2012;40.579
05.10.2012;40.37
08.10.2012;40.44
09.10.2012;41.165
10.10.2012;41.16
11.10.2012;41.78
12.10.2012;41.3518
15.10.2012;41.56
16.10.2012;41.38
17.10.2012;41.105
18.10.2012;40.855
19.10.2012;40.03
22.10.2012;39.9
23.10.2012;39.29
24.10.2012;39.17
25.10.2012;39.47
26.10.2012;39.845
31.10.2012;39.435
01.11.2012;39.31
02.11.2012;38.455
05.11.2012;39.235
06.11.2012;40.33
07.11.2012;38.765
08.11.2012;38.85
09.11.2012;39.745
12.11.2012;39.5501
13.11.2012;39.215
14.11.2012;39.735
15.11.2012;39.495
16.11.2012;39.97
19.11.2012;40.895
20.11.2012;40.275
21.11.2012;40.61
23.11.2012;40.765
26.11.2012;40.5351
27.11.2012;40.215
28.11.2012;40.135
29.11.2012;40.45
30.11.2012;40.68
03.12.2012;40.555
04.12.2012;40.14
05.12.2012;39.76
06.12.2012;39.155
07.12.2012;39.22
10.12.2012;39.18
11.12.2012;39.428
12.12.2012;39.865
13.12.2012;39.385
14.12.2012;39.9001
17.12.2012;39.83
18.12.2012;40.195
19.12.2012;40.655
20.12.2012;40.615
21.12.2012;40.26
24.12.2012;40.105
26.12.2012;41.06
27.12.2012;40.99
28.12.2012;40.8299
31.12.2012;41.035
02.01.2013;41.425
03.01.2013;41.22
04.01.2013;41.045
07.01.2013;41.1943
08.01.2013;41.42
09.01.2013;41.26
10.01.2013;41.33
11.01.2013;40.91
14.01.2013;41.32
15.01.2013;40.885
16.01.2013;40.907
17.01.2013;41.375
18.01.2013;41.7
22.01.2013;41.875
23.01.2013;42.05
24.01.2013;42.185
25.01.2013;42.23
28.01.2013;42.25
29.01.2013;42.53
30.01.2013;42.865
31.01.2013;43.075
01.02.2013;43.45
04.02.2013;43.03
05.02.2013;43.41
06.02.2013;43.55
07.02.2013;43.695
08.02.2013;44.205
11.02.2013;44.015
12.02.2013;44.185
13.02.2013;44.29
14.02.2013;44.33
15.02.2013;44.255
19.02.2013;44.005
20.02.2013;43.215
21.02.2013;42.67
22.02.2013;42.87
25.02.2013;42.66
26.02.2013;42.295
27.02.2013;42.03
28.02.2013;41.73
01.03.2013;41.495
04.03.2013;41.33
05.03.2013;41.915
06.03.2013;41.67
07.03.2013;41.725
08.03.2013;41.655
11.03.2013;41.455
12.03.2013;41.345
13.03.2013;40.945
14.03.2013;41.32
15.03.2013;41.64
18.03.2013;41.38
19.03.2013;40.68
20.03.2013;41.11
21.03.2013;40.595
22.03.2013;40.735
25.03.2013;40.84
26.03.2013;41.3382
27.03.2013;41.525
28.03.2013;41.585
01.04.2013;41.955
02.04.2013;41.755
03.04.2013;40.525
04.04.2013;40.29
05.04.2013;39.585
08.04.2013;39.8
09.04.2013;40.225
10.04.2013;40.065
11.04.2013;39.55
12.04.2013;38.98
15.04.2013;37.865
16.04.2013;37.9
17.04.2013;37.005
18.04.2013;37.81
19.04.2013;37.648
22.04.2013;38.09
23.04.2013;38.015
24.04.2013;38.575
25.04.2013;39.04
26.04.2013;39.015
29.04.2013;39.295
30.04.2013;38.51
01.05.2013;37.795
02.05.2013;38.93
03.05.2013;39.36
06.05.2013;39.89
07.05.2013;39.465
08.05.2013;39.48
09.05.2013;39.43
10.05.2013;39.345
13.05.2013;38.97
14.05.2013;38.99
15.05.2013;39.375
16.05.2013;39.49
17.05.2013;39.585
20.05.2013;39.795
21.05.2013;39.46
22.05.2013;38.915
23.05.2013;38.995
24.05.2013;39.01
28.05.2013;39.6451
29.05.2013;38.96
30.05.2013;38.745
31.05.2013;38.05
03.06.2013;38.765
04.06.2013;39.255
05.06.2013;39.06
06.06.2013;39.3099
07.06.2013;39.78
10.06.2013;39.485
11.06.2013;39.205
12.06.2013;39.425
13.06.2013;39.94
14.06.2013;40.29
17.06.2013;40.19
18.06.2013;40.365
19.06.2013;40.28
20.06.2013;38.84
21.06.2013;38.375
24.06.2013;38.455
25.06.2013;38.52
26.06.2013;38.6867
27.06.2013;39.0705
28.06.2013;38.835
01.07.2013;39.17
02.07.2013;39.49
03.07.2013;40.195
05.07.2013;40.875
08.07.2013;40.6734
09.07.2013;40.967
10.07.2013;41.035
11.07.2013;40.885
12.07.2013;41.35
15.07.2013;41.37
16.07.2013;41.335
17.07.2013;41.527
18.07.2013;41.56
19.07.2013;41.505
22.07.2013;41.37
23.07.2013;41.485
24.07.2013;40.945
25.07.2013;41.225
26.07.2013;40.9944
29.07.2013;41.135
30.07.2013;40.855
31.07.2013;41.21
01.08.2013;41.86
02.08.2013;41.64
05.08.2013;41.53
06.08.2013;41.33
07.08.2013;40.9453
08.08.2013;40.685
09.08.2013;41.19
12.08.2013;41.595
13.08.2013;41.7
14.08.2013;42
15.08.2013;42.22
16.08.2013;42.62
19.08.2013;42.3
20.08.2013;42.46
21.08.2013;42.34
22.08.2013;42.375
23.08.2013;42.8043
26.08.2013;42.8155
27.08.2013;44.03
28.08.2013;44.725
29.08.2013;44.1
30.08.2013;44
03.09.2013;44.57
04.09.2013;44.36
05.09.2013;44.49
06.09.2013;44.72
09.09.2013;43.73
10.09.2013;43.04
11.09.2013;43.19
12.09.2013;43.73
13.09.2013;43.75
16.09.2013;42.921
17.09.2013;42.169
18.09.2013;43.24
19.09.2013;42.51
20.09.2013;42.75
23.09.2013;42.3
24.09.2013;42.56
25.09.2013;42.22
26.09.2013;42.5323
27.09.2013;42.32
30.09.2013;42.476
01.10.2013;42.1099
02.10.2013;42.662
03.10.2013;42.49
04.10.2013;42.75
07.10.2013;42.88
08.10.2013;43.1748
09.10.2013;42.7
10.10.2013;43.74
11.10.2013;43.55
14.10.2013;43.3457
15.10.2013;43
16.10.2013;43.55
17.10.2013;42.93
18.10.2013;43.39
21.10.2013;43.3
22.10.2013;43.36
23.10.2013;42.29
24.10.2013;42.11
25.10.2013;42.19
28.10.2013;43.0966
29.10.2013;42.77
30.10.2013;43.3
31.10.2013;42.89
01.11.2013;41.75
04.11.2013;41.8
05.11.2013;41.518
06.11.2013;41.45
07.11.2013;40.858
08.11.2013;41.35
11.11.2013;41.9048
12.11.2013;41.71
13.11.2013;42.14
14.11.2013;42.71
15.11.2013;42.72
18.11.2013;42.68
19.11.2013;42.19
20.11.2013;42.52
21.11.2013;43.47
22.11.2013;43.75
25.11.2013;43.74
26.11.2013;43.67
27.11.2013;43.95
29.11.2013;43.5448
02.12.2013;43.87
03.12.2013;44.34
04.12.2013;44.01
05.12.2013;43.7999
06.12.2013;43.99
09.12.2013;43.12
10.12.2013;43.27
11.12.2013;43.33
12.12.2013;42.8401
13.12.2013;42.8164
16.12.2013;43.13
17.12.2013;42.84
18.12.2013;43.25
19.12.2013;43.56
20.12.2013;44.18
23.12.2013;44.04
24.12.2013;44.29
26.12.2013;44.3
27.12.2013;44.3
30.12.2013;43.92
31.12.2013;44.54
02.01.2014;42.58
03.01.2014;42.27
06.01.2014;42.38
07.01.2014;42.44
08.01.2014;42.38
09.01.2014;42.03
10.01.2014;42.32
13.01.2014;41.86
14.01.2014;41.7978
15.01.2014;42.11
16.01.2014;41.83
17.01.2014;42.1
21.01.2014;42.2931
22.01.2014;42.9
23.01.2014;42.76
24.01.2014;42.77
27.01.2014;42.47
28.01.2014;42.55
29.01.2014;42.7
30.01.2014;42.69
31.01.2014;42.16
03.02.2014;42.07
04.02.2014;42
05.02.2014;42.081
06.02.2014;42.53
07.02.2014;43.3
10.02.2014;42.99
11.02.2014;43.05
12.02.2014;43.1
13.02.2014;43.25
14.02.2014;43.4
18.02.2014;43.98
19.02.2014;44.08
20.02.2014;43.83
21.02.2014;43.71
24.02.2014;44.08
25.02.2014;43.6003
26.02.2014;43.7177
27.02.2014;43.4
28.02.2014;43.38
03.03.2014;44.18
04.03.2014;43.5
05.03.2014;42.9
06.03.2014;43.17
07.03.2014;43.29
10.03.2014;42.93
11.03.2014;43.08
12.03.2014;42.9501
13.03.2014;42.78
14.03.2014;43.21
17.03.2014;42.47
18.03.2014;42.6301
19.03.2014;42.32
20.03.2014;42.5101
21.03.2014;42.74
24.03.2014;42.5601
25.03.2014;42.68
26.03.2014;42.75
27.03.2014;43
28.03.2014;43.16
31.03.2014;43.05
01.04.2014;42.07
02.04.2014;41.78
03.04.2014;42.42
04.04.2014;42.61
07.04.2014;42.32
08.04.2014;43.05
09.04.2014;43.06
10.04.2014;42.95
11.04.2014;42.88
14.04.2014;43.54
15.04.2014;43.71
16.04.2014;43.77
17.04.2014;43.83
21.04.2014;43.9599
22.04.2014;43.73
23.04.2014;43.62
24.04.2014;44.12
25.04.2014;43.76
28.04.2014;43.29
29.04.2014;43.5
30.04.2014;43.25
01.05.2014;43.09
02.05.2014;43.38
05.05.2014;42.988
06.05.2014;42.77
07.05.2014;43.23
08.05.2014;43.171
09.05.2014;43.1
12.05.2014;43.29
13.05.2014;43.62
14.05.2014;43.83
15.05.2014;43.79
16.05.2014;44.07
19.05.2014;43.91
20.05.2014;44.1
21.05.2014;44.3
22.05.2014;44.3525
23.05.2014;44.388
27.05.2014;44.1753
28.05.2014;44.0799
29.05.2014;44.18
30.05.2014;43.93
02.06.2014;43.71
03.06.2014;43.71
04.06.2014;43.4999
05.06.2014;43.72
06.06.2014;43.6336
09.06.2014;44.05
10.06.2014;44.06
11.06.2014;44.2
12.06.2014;45.48
13.06.2014;45.36
16.06.2014;45.6
17.06.2014;45.79
18.06.2014;46.15
19.06.2014;46.45
20.06.2014;46.2729
23.06.2014;46.03
24.06.2014;46.15
25.06.2014;46.08
26.06.2014;45.65
27.06.2014;45.66
30.06.2014;45.37
01.07.2014;45.27
02.07.2014;44.76
03.07.2014;44.67
07.07.2014;44.4
08.07.2014;44.07
09.07.2014;43.805
10.07.2014;44.03
11.07.2014;43.3
14.07.2014;43.46
15.07.2014;43.03
16.07.2014;43.18
17.07.2014;43.5
18.07.2014;43.2
21.07.2014;43.4501
22.07.2014;43.34
23.07.2014;43.62
24.07.2014;43.25
25.07.2014;43.67
28.07.2014;43.4
29.07.2014;43.4
30.07.2014;42.81
31.07.2014;42.6999
01.08.2014;42.21
04.08.2014;42.52
05.08.2014;42.26
06.08.2014;42.25
07.08.2014;42.64
08.08.2014;42.3
11.08.2014;42.18
12.08.2014;41.62
13.08.2014;42.04
14.08.2014;41.02
15.08.2014;41.34
18.08.2014;40.81
19.08.2014;40.75
20.08.2014;41.02
21.08.2014;41.18
22.08.2014;41.02
25.08.2014;41.19
26.08.2014;41.09
27.08.2014;41.15
28.08.2014;41.1299
29.08.2014;41.3399
02.09.2014;40.3
03.09.2014;41.04
04.09.2014;40.83
05.09.2014;40.47
08.09.2014;40.24
09.09.2014;39.9
10.09.2014;39.43
11.09.2014;39.42
12.09.2014;38.96
15.09.2014;39.03
16.09.2014;39.41
17.09.2014;39.38
18.09.2014;38.93
19.09.2014;39.18
22.09.2014;38.64
23.09.2014;38.61
24.09.2014;38.71
25.09.2014;38.71
26.09.2014;38.66
29.09.2014;38.702
30.09.2014;37.8
01.10.2014;37.5599
02.10.2014;37.28
03.10.2014;36.7
06.10.2014;37.02
07.10.2014;36.64
08.10.2014;36.4799
09.10.2014;35.62
10.10.2014;35.75
13.10.2014;35.12
14.10.2014;33.76
15.10.2014;33.31
16.10.2014;33.93
17.10.2014;34.17
20.10.2014;33.7801
21.10.2014;34.17
22.10.2014;33.5319
23.10.2014;34.37
24.10.2014;34.17
27.10.2014;33.81
28.10.2014;34.03
29.10.2014;34.55
30.10.2014;34.07
31.10.2014;34.07
03.11.2014;33.35
04.11.2014;32.72
05.11.2014;33.0099
06.11.2014;32.8
07.11.2014;32.9053
10.11.2014;32.57
11.11.2014;32.2
12.11.2014;31.74
13.11.2014;30.64
14.11.2014;31.34
17.11.2014;31.15
18.11.2014;30.86
19.11.2014;30.73
20.11.2014;31.18
21.11.2014;31.69
24.11.2014;31.33
25.11.2014;30.72
26.11.2014;30.5
28.11.2014;27.97
01.12.2014;28.61
02.12.2014;27.88
03.12.2014;27.51
04.12.2014;27.35
05.12.2014;27.08
08.12.2014;26.05
09.12.2014;26.27
10.12.2014;25.41
11.12.2014;24.98
12.12.2014;24.2007
15.12.2014;23.68
16.12.2014;23.48
17.12.2014;23.76
18.12.2014;23.27
19.12.2014;24.31
22.12.2014;23.47
23.12.2014;24.11
24.12.2014;23.58
26.12.2014;23.27
29.12.2014;22.65
30.12.2014;22.47
31.12.2014;22.7
02.01.2015;22.0199
05.01.2015;20.7
06.01.2015;19.92
07.01.2015;19.97
08.01.2015;20.01
09.01.2015;19.66
12.01.2015;18.68
13.01.2015;18.52
14.01.2015;19.07
15.01.2015;18.46
16.01.2015;19.17
20.01.2015;18.49
21.01.2015;18.75
22.01.2015;18.73
23.01.2015;18.69
26.01.2015;18.4599
27.01.2015;18.88
28.01.2015;18.56
29.01.2015;18.84
30.01.2015;20.03
02.02.2015;21.01
03.02.2015;22.07
04.02.2015;21.01
05.02.2015;21.72
06.02.2015;22.17
09.02.2015;22.28
10.02.2015;21.84
11.02.2015;21.21
12.02.2015;22.27
13.02.2015;23.05
17.02.2015;23.39
18.02.2015;22.59
19.02.2015;22.64
20.02.2015;22.6
23.02.2015;22.16
24.02.2015;22.06
25.02.2015;23.18
26.02.2015;22.8
27.02.2015;23.34
02.03.2015;22.53
03.03.2015;22.94
04.03.2015;22.69
05.03.2015;22.74
06.03.2015;22.4
09.03.2015;22.01
10.03.2015;21.23
11.03.2015;21.64
12.03.2015;21.33
13.03.2015;20.39
16.03.2015;20.11
17.03.2015;19.88
18.03.2015;21.07
19.03.2015;20.16
20.03.2015;20.47
23.03.2015;20.77
24.03.2015;20.51
25.03.2015;20.89
26.03.2015;21.95
27.03.2015;20.87
30.03.2015;20.93
31.03.2015;20.5
01.04.2015;21.12
02.04.2015;20.538
06.04.2015;21.46
07.04.2015;21.89
08.04.2015;20.87
09.04.2015;21.0778
10.04.2015;21.5
13.04.2015;21.54
14.04.2015;21.8
15.04.2015;22.87
16.04.2015;23.26
17.04.2015;23.22
20.04.2015;23.11
21.04.2015;22.6
22.04.2015;22.89
23.04.2015;23.6
24.04.2015;23.769
27.04.2015;23.54
28.04.2015;23.52
29.04.2015;23.86
30.04.2015;24.3
01.05.2015;24.28
04.05.2015;24.22
05.05.2015;24.57
06.05.2015;24.58
07.05.2015;23.78
08.05.2015;23.84
11.05.2015;23.6
12.05.2015;24.1
13.05.2015;24.1
14.05.2015;24.03
15.05.2015;24.07
18.05.2015;23.89
19.05.2015;23.12
20.05.2015;23.31
21.05.2015;23.94
22.05.2015;23.59
26.05.2015;22.98
27.05.2015;22.42
28.05.2015;22.5799
29.05.2015;23.55
01.06.2015;23.4
02.06.2015;23.6
03.06.2015;22.98
04.06.2015;22.43
05.06.2015;22.74
08.06.2015;22.58
09.06.2015;23.2
10.06.2015;23.57
11.06.2015;23.36
12.06.2015;22.96
15.06.2015;22.77
16.06.2015;22.72
17.06.2015;22.68
18.06.2015;22.79
19.06.2015;22.38
22.06.2015;22.52
23.06.2015;22.96
24.06.2015;22.6
25.06.2015;22.48
26.06.2015;22.48
29.06.2015;22.05
30.06.2015;22.57
01.07.2015;22.11
02.07.2015;22.02
06.07.2015;20.23
07.07.2015;20.42
08.07.2015;20.38
09.07.2015;20.7799
10.07.2015;20.8099
13.07.2015;20.55
14.07.2015;20.65
15.07.2015;20.2
16.07.2015;20.14
17.07.2015;20.14
20.07.2015;19.93
21.07.2015;20.12
22.07.2015;19.76
23.07.2015;19.49
24.07.2015;19.3
27.07.2015;18.69
28.07.2015;18.73
29.07.2015;18.9
30.07.2015;18.82
31.07.2015;18.28
03.08.2015;17.53
04.08.2015;17.699
05.08.2015;17.56
06.08.2015;17.49
07.08.2015;17.15
10.08.2015;17.71
11.08.2015;17.4
12.08.2015;17.53
13.08.2015;17.3
14.08.2015;16.95
17.08.2015;16.95
18.08.2015;16.91
19.08.2015;16.34
20.08.2015;16.07
21.08.2015;15.82
24.08.2015;14.82
25.08.2015;14.9742
26.08.2015;15.2
27.08.2015;16.52
28.08.2015;17.46
31.08.2015;18.61
01.09.2015;17.16
02.09.2015;17.56
03.09.2015;17.7099
04.09.2015;17.25
08.09.2015;17.24
09.09.2015;16.67
10.09.2015;16.99
11.09.2015;16.78
14.09.2015;16.2301
15.09.2015;16.41
16.09.2015;17.06
17.09.2015;16.85
18.09.2015;16.35
21.09.2015;16.7
22.09.2015;16.78
23.09.2015;16.38
24.09.2015;16.53
25.09.2015;16.59
28.09.2015;16.22
29.09.2015;16.49
30.09.2015;16.64
01.10.2015;16.41
02.10.2015;16.49
05.10.2015;16.91
06.10.2015;17.79
07.10.2015;17.61
08.10.2015;18.08
09.10.2015;17.82
12.10.2015;17.09
13.10.2015;16.73
14.10.2015;16.79
15.10.2015;16.92
16.10.2015;17.02
19.10.2015;16.45
20.10.2015;16.4196
21.10.2015;16.16
22.10.2015;16.3
23.10.2015;16.208
26.10.2015;16.01
27.10.2015;15.82
28.10.2015;16.55
29.10.2015;16.43
30.10.2015;16.7
02.11.2015;16.47
03.11.2015;17.06
04.11.2015;16.46
05.11.2015;16.24
06.11.2015;16.09
09.11.2015;15.94
10.11.2015;15.96
11.11.2015;15.54
12.11.2015;15.02
13.11.2015;14.79
16.11.2015;14.89
17.11.2015;14.53
18.11.2015;14.69
19.11.2015;14.66
20.11.2015;14.76
23.11.2015;14.93
24.11.2015;15.29
25.11.2015;15.3501
27.11.2015;14.97
30.11.2015;14.81
01.12.2015;14.72
02.12.2015;14.17
03.12.2015;14.56
04.12.2015;14.32
07.12.2015;13.5
08.12.2015;13.34
09.12.2015;13.295
10.12.2015;13.09
11.12.2015;12.54
14.12.2015;12.49
15.12.2015;12.65
16.12.2015;12.27
17.12.2015;12.08
18.12.2015;12.04
21.12.2015;11.9
22.12.2015;11.89
23.12.2015;12.42
24.12.2015;12.38
28.12.2015;12.02
29.12.2015;12.4
30.12.2015;11.98
31.12.2015;12.24
04.01.2016;12.26
05.01.2016;11.92
06.01.2016;11.29
07.01.2016;11.07
08.01.2016;10.95
11.01.2016;10.26
12.01.2016;10.13
13.01.2016;9.85
14.01.2016;10.03
15.01.2016;9.47
19.01.2016;9.36
20.01.2016;9.15
21.01.2016;9.49
22.01.2016;10.39
25.01.2016;9.77
26.01.2016;10.23
27.01.2016;10.61
28.01.2016;11.19
29.01.2016;11.34
01.02.2016;10.74
02.02.2016;10.32
03.02.2016;11.16
04.02.2016;10.9
05.02.2016;10.8
08.02.2016;10.44
09.02.2016;9.78
10.02.2016;9.79
11.02.2016;9.9
12.02.2016;10.37
16.02.2016;10.2
17.02.2016;10.85
18.02.2016;10.7
19.02.2016;10.53
22.02.2016;10.97
23.02.2016;10.59
24.02.2016;10.91
25.02.2016;11.02
26.02.2016;11.05
29.02.2016;11.37
01.03.2016;11.43
02.03.2016;11.54
03.03.2016;11.54
04.03.2016;12.08
07.03.2016;12.64
08.03.2016;12.24
09.03.2016;12.69
10.03.2016;12.45
11.03.2016;12.54
14.03.2016;12.29
15.03.2016;12.03
16.03.2016;12.49
17.03.2016;12.82
18.03.2016;12.84
21.03.2016;12.92
22.03.2016;12.99
23.03.2016;12.56
24.03.2016;12.52
28.03.2016;12.48
29.03.2016;12.23
30.03.2016;12.21
31.03.2016;12.26
01.04.2016;11.79
04.04.2016;11.5
05.04.2016;11.58
06.04.2016;12.15
07.04.2016;12.09
08.04.2016;12.75
11.04.2016;13.08
12.04.2016;13.57
13.04.2016;13.42
14.04.2016;13.39
15.04.2016;13.14
18.04.2016;13.13
19.04.2016;13.42
20.04.2016;13.85
21.04.2016;13.67
22.04.2016;13.8
25.04.2016;13.6
26.04.2016;13.96
27.04.2016;14.3801
28.04.2016;14.48
29.04.2016;14.5
02.05.2016;14.04
03.05.2016;13.78
04.05.2016;13.69
05.05.2016;13.79
06.05.2016;13.86
09.05.2016;13.33
10.05.2016;13.96
11.05.2016;14.51
12.05.2016;14.67
13.05.2016;14.63
16.05.2016;15.01
17.05.2016;15.15
18.05.2016;14.84
19.05.2016;14.92
20.05.2016;14.96
23.05.2016;14.83
24.05.2016;14.965
25.05.2016;15.25
26.05.2016;15.13
27.05.2016;15.14
31.05.2016;15.04
01.06.2016;15.13
02.06.2016;15.08
03.06.2016;15.07
06.06.2016;15.29
07.06.2016;15.6
08.06.2016;15.92
09.06.2016;15.74
10.06.2016;15.27
13.06.2016;15.12
14.06.2016;15.07
15.06.2016;14.7
16.06.2016;14.24
17.06.2016;14.92
20.06.2016;15.26
21.06.2016;15.27
22.06.2016;15.86
23.06.2016;15.39
24.06.2016;14.65
27.06.2016;14.4
28.06.2016;14.73
29.06.2016;15.13
30.06.2016;14.88
01.07.2016;15.14
05.07.2016;14.39
06.07.2016;14.56
07.07.2016;13.9
08.07.2016;13.93
11.07.2016;13.74
12.07.2016;14.46
13.07.2016;13.89
14.07.2016;14.09
15.07.2016;14.23
18.07.2016;14.05
19.07.2016;13.95
20.07.2016;14.04
21.07.2016;13.74
22.07.2016;13.62
25.07.2016;13.32
26.07.2016;13.32
27.07.2016;12.99
28.07.2016;12.77
29.07.2016;12.83
01.08.2016;12.46
02.08.2016;12.39
03.08.2016;12.8392
04.08.2016;13.07
05.08.2016;13.13
08.08.2016;13.36
09.08.2016;13.3
10.08.2016;12.96
11.08.2016;13.57
12.08.2016;13.95
15.08.2016;14.332
16.08.2016;14.54
17.08.2016;14.72
18.08.2016;15.01
19.08.2016;15
22.08.2016;14.555
23.08.2016;14.73
24.08.2016;14.46
25.08.2016;14.66
26.08.2016;14.65
29.08.2016;14.51
30.08.2016;14.343
31.08.2016;13.79
01.09.2016;13.43
02.09.2016;13.68
06.09.2016;13.9
07.09.2016;14.07
08.09.2016;14.61
09.09.2016;14.1
12.09.2016;14.14
13.09.2016;13.81
14.09.2016;13.5
15.09.2016;13.64
16.09.2016;13.5
19.09.2016;13.48
20.09.2016;13.48
21.09.2016;13.82
22.09.2016;13.99
23.09.2016;13.56
26.09.2016;13.85
27.09.2016;13.48
28.09.2016;14.2
29.09.2016;14.41
30.09.2016;14.5
03.10.2016;14.75
04.10.2016;14.75
05.10.2016;15.05
06.10.2016;15.28
07.10.2016;15.03
10.10.2016;15.38
11.10.2016;15.24
12.10.2016;15.04
13.10.2016;15.11
14.10.2016;15.1
17.10.2016;14.97
18.10.2016;15.04
19.10.2016;15.26
20.10.2016;14.94
21.10.2016;15.07
24.10.2016;15.02
25.10.2016;14.77
26.10.2016;14.58
27.10.2016;14.73
28.10.2016;14.52
31.10.2016;13.87
01.11.2016;13.86
02.11.2016;13.49
03.11.2016;13.28
04.11.2016;13.07
07.11.2016;13.27
08.11.2016;13.1
09.11.2016;13.385
10.11.2016;13.08
11.11.2016;12.77
14.11.2016;12.82
15.11.2016;13.46
16.11.2016;13.3
17.11.2016;13.18
18.11.2016;13.41
21.11.2016;14.04
22.11.2016;13.98
23.11.2016;14
25.11.2016;13.59
28.11.2016;13.71
29.11.2016;13.24
30.11.2016;14.44
01.12.2016;15.01
02.12.2016;15.18
05.12.2016;15.17
06.12.2016;15.01
07.12.2016;14.82
08.12.2016;15.07
09.12.2016;15.21
12.12.2016;15.46
13.12.2016;15.55
14.12.2016;15.05
15.12.2016;15.16
16.12.2016;15.46
19.12.2016;15.3
20.12.2016;15.48
21.12.2016;15.27
22.12.2016;15.33
23.12.2016;15.445
27.12.2016;15.68
28.12.2016;15.73
29.12.2016;15.69
30.12.2016;15.68
03.01.2017;15.39
04.01.2017;15.54
05.01.2017;15.69
06.01.2017;15.69
09.01.2017;15.15
10.01.2017;14.82
11.01.2017;15.24
12.01.2017;15.48
13.01.2017;15.36
17.01.2017;15.31
18.01.2017;14.97
19.01.2017;14.99
20.01.2017;15.32
23.01.2017;15.26
24.01.2017;15.25
25.01.2017;15.2
26.01.2017;15.47
27.01.2017;15.23
30.01.2017;15.16
31.01.2017;15.24
01.02.2017;15.48
02.02.2017;15.55
03.02.2017;15.56
06.02.2017;15.29
07.02.2017;15.1
08.02.2017;15.09
09.02.2017;15.23
10.02.2017;15.51
13.02.2017;15.21
14.02.2017;15.29
15.02.2017;15.24
16.02.2017;15.24
17.02.2017;15.26
21.02.2017;15.44
22.02.2017;15.23
23.02.2017;15.42
24.02.2017;15.33
27.02.2017;15.35
28.02.2017;15.38
01.03.2017;15.32
02.03.2017;14.99
03.03.2017;15.19
06.03.2017;15.24
07.03.2017;15.195
08.03.2017;14.4603
09.03.2017;14.3
10.03.2017;13.98
13.03.2017;13.98
14.03.2017;13.92
15.03.2017;14.12
16.03.2017;14.09
17.03.2017;14.07
20.03.2017;14.04
21.03.2017;13.86
22.03.2017;13.81
23.03.2017;13.72
24.03.2017;13.82
27.03.2017;13.8
28.03.2017;13.91
29.03.2017;14.2
30.03.2017;14.38
31.03.2017;14.52
03.04.2017;14.38
04.04.2017;14.66
05.04.2017;14.65
06.04.2017;14.845
07.04.2017;14.94
10.04.2017;15.15
11.04.2017;15.17
12.04.2017;15.0703
13.04.2017;15.09
17.04.2017;14.99
18.04.2017;14.91
19.04.2017;14.36
20.04.2017;14.32
21.04.2017;14.05
24.04.2017;13.97
25.04.2017;14.16
26.04.2017;13.98
27.04.2017;13.96
28.04.2017;13.9
01.05.2017;13.81
02.05.2017;13.53
03.05.2017;13.6
04.05.2017;12.96
05.05.2017;13.22
08.05.2017;13.245
09.05.2017;13.09
10.05.2017;13.49
11.05.2017;13.61
12.05.2017;13.65
15.05.2017;13.93
16.05.2017;13.83
17.05.2017;13.99
18.05.2017;14.08
19.05.2017;14.36
22.05.2017;14.43
23.05.2017;14.55
24.05.2017;14.49
25.05.2017;13.77
26.05.2017;14.03
30.05.2017;13.94
31.05.2017;13.54
01.06.2017;13.43
02.06.2017;13.37
05.06.2017;13.22
06.06.2017;13.4
07.06.2017;12.87
08.06.2017;12.79
09.06.2017;12.9
12.06.2017;12.9
13.06.2017;13.02
14.06.2017;12.56
15.06.2017;12.53
16.06.2017;12.65
19.06.2017;12.54
20.06.2017;12.29
21.06.2017;11.93
22.06.2017;12.07
23.06.2017;12.2
26.06.2017;12.28
27.06.2017;12.49
28.06.2017;12.66
29.06.2017;12.65
30.06.2017;13
03.07.2017;13.13
05.07.2017;12.67
06.07.2017;12.72
07.07.2017;12.44
10.07.2017;12.46
11.07.2017;12.66
12.07.2017;12.67
13.07.2017;12.88
14.07.2017;13.02
17.07.2017;12.86
18.07.2017;13
19.07.2017;13.2
20.07.2017;13.08
21.07.2017;12.76
24.07.2017;12.93
25.07.2017;13.315
26.07.2017;13.5
27.07.2017;13.64
28.07.2017;13.795
31.07.2017;13.95
01.08.2017;13.72
02.08.2017;13.835
03.08.2017;13.75
04.08.2017;13.84
07.08.2017;13.82
08.08.2017;13.75
09.08.2017;13.94
10.08.2017;13.68
11.08.2017;13.76
14.08.2017;13.39
15.08.2017;13.45
16.08.2017;13.31
17.08.2017;13.48
18.08.2017;13.97
21.08.2017;13.66
22.08.2017;13.74
23.08.2017;13.8976
24.08.2017;13.8
25.08.2017;13.8
28.08.2017;13.72
29.08.2017;13.74
30.08.2017;13.46
31.08.2017;14.05
01.09.2017;14.04
05.09.2017;14.14
06.09.2017;14.44
07.09.2017;14.51
08.09.2017;14.3
11.09.2017;14.3
12.09.2017;14.46
13.09.2017;14.69
14.09.2017;14.69
15.09.2017;14.78
18.09.2017;14.75
19.09.2017;14.7
20.09.2017;14.95
21.09.2017;15.02
22.09.2017;15.07
25.09.2017;15.66
26.09.2017;15.49
27.09.2017;15.34
28.09.2017;15.31
29.09.2017;15.16
02.10.2017;14.99
03.10.2017;14.97
04.10.2017;14.91
05.10.2017;15.245
06.10.2017;14.86
09.10.2017;14.88
10.10.2017;15.13
11.10.2017;15.21
12.10.2017;15.06
13.10.2017;15.28
16.10.2017;15.48
17.10.2017;15.55
18.10.2017;15.56
19.10.2017;15.31
20.10.2017;15.51
23.10.2017;15.39
24.10.2017;15.64
25.10.2017;15.65
26.10.2017;15.9
27.10.2017;16.15
30.10.2017;16.27
31.10.2017;16.35
01.11.2017;16.26
02.11.2017;16.34
03.11.2017;16.71
06.11.2017;17.28
07.11.2017;17.13
08.11.2017;17.06
09.11.2017;17.16
10.11.2017;17.1
13.11.2017;16.96
14.11.2017;16.635
15.11.2017;16.63
16.11.2017;16.5
17.11.2017;16.84
20.11.2017;16.71
21.11.2017;16.8
22.11.2017;16.98
24.11.2017;17.08
27.11.2017;17.07
28.11.2017;17.03
29.11.2017;16.88
30.11.2017;16.88
01.12.2017;17.18
04.12.2017;16.83
05.12.2017;16.965
06.12.2017;16.51
07.12.2017;16.73
08.12.2017;17.1
11.12.2017;17.435
12.12.2017;17.14
13.12.2017;16.85
14.12.2017;17.091
15.12.2017;17.04
